index,width,height,span,covering,num_longitude,diameter_longitude,num_hoop,diameter_hoop,concrete_stress,deflection,F_resistance,
0,12,24,242,3,4,0.68,14,0.6,0.000268,0.00304,2.9,
1,12,24,242,3,4,0.68,14,0.6,0.000268,0.00493,5.81,
2,12,24,242,3,4,0.68,14,0.6,0.000268,0.00738,8.71,
3,12,24,242,3,4,0.68,14,0.6,0.000268,0.012,11.6,
4,12,24,242,3,4,0.68,14,0.6,0.000268,0.0123,14.5,
5,12,24,242,3,4,0.68,14,0.6,0.000268,0.0179,17.4,
6,12,24,242,3,4,0.68,14,0.6,0.000268,0.0209,20.3,
7,12,24,242,3,4,0.68,14,0.6,0.000268,0.0184,21.8,
8,12,24,242,3,4,0.68,14,0.6,0.000268,0.0548,23.2,
9,12,24,242,3,4,0.68,14,0.6,0.000268,0.0658,29,
10,12,24,242,3,4,0.68,14,0.6,0.000268,0.149,58.1,
11,12,24,242,3,4,0.68,14,0.6,0.000268,0.216,87.1,
12,12,24,242,3,4,0.68,14,0.6,0.000268,0.265,116,
13,12,24,242,3,4,0.68,14,0.6,0.000268,0.378,145,
14,12,24,242,3,4,0.68,14,0.6,0.000268,0.465,160,
15,12,24,242,3,4,0.68,14,0.6,0.000268,0.49,168,
16,12,24,242,3,4,0.68,14,0.6,0.000268,0.557,174,
17,12,24,242,3,4,0.68,14,0.6,0.000268,0.662,189,
18,12,24,242,3,4,0.68,14,0.6,0.000268,1.03,193,
19,12,24,242,3,4,0.68,14,0.6,0.000268,1.61,193,
20,43,24,300,4,4,1.76,13,0.8,0.000268,0.00629,12.9,
21,43,24,300,4,4,1.76,13,0.8,0.000268,0.0109,25.8,
22,43,24,300,4,4,1.76,13,0.8,0.000268,0.0136,32.3,
23,43,24,300,4,4,1.76,13,0.8,0.000268,0.0152,36.1,
24,43,24,300,4,4,1.76,13,0.8,0.000268,0.0187,38.7,
25,43,24,300,4,4,1.76,13,0.8,0.000268,0.0218,51.6,
26,43,24,300,4,4,1.76,13,0.8,0.000268,0.0281,58.1,
27,43,24,300,4,4,1.76,13,0.8,0.000268,0.0734,61.9,
28,43,24,300,4,4,1.76,13,0.8,0.000268,0.0734,64.5,
29,43,24,300,4,4,1.76,13,0.8,0.000268,0.0869,77.4,
30,43,24,300,4,4,1.76,13,0.8,0.000268,0.146,103,
31,43,24,300,4,4,1.76,13,0.8,0.000268,0.171,129,
32,43,24,300,4,4,1.76,13,0.8,0.000268,0.452,387,
33,43,24,300,4,4,1.76,13,0.8,0.000268,0.613,516,
34,43,24,300,4,4,1.76,13,0.8,0.000268,0.66,555,
35,43,24,300,4,4,1.76,13,0.8,0.000268,0.676,568,
36,43,24,300,4,4,1.76,13,0.8,0.000268,0.693,581,
37,43,24,300,4,4,1.76,13,0.8,0.000268,0.837,606,
38,43,24,300,4,4,1.76,13,0.8,0.000268,1.48,619,
39,43,24,300,4,4,1.76,13,0.8,0.000268,1.61,645,
40,43,24,300,4,4,1.76,13,0.8,0.000268,1.63,671,
41,43,24,300,4,4,1.76,13,0.8,0.000268,2.66,671,
48,54,30,420,4,4,1.61,16,0.8,0.000268,0.0112,22.7,
49,54,30,420,4,4,1.61,16,0.8,0.000268,0.0222,45.4,
50,54,30,420,4,4,1.61,16,0.8,0.000268,0.0256,52.2,
51,54,30,420,4,4,1.61,16,0.8,0.000268,0.0278,56.7,
52,54,30,420,4,4,1.61,16,0.8,0.000268,0.0334,68,
53,54,30,420,4,4,1.61,16,0.8,0.000268,0.0445,90.7,
54,54,30,420,4,4,1.61,16,0.8,0.000268,0.0461,94.1,
55,54,30,420,4,4,1.61,16,0.8,0.000268,0.11,97.5,
56,54,30,420,4,4,1.61,16,0.8,0.000268,0.117,102,
57,54,30,420,4,4,1.61,16,0.8,0.000268,0.132,113,
58,54,30,420,4,4,1.61,16,0.8,0.000268,0.164,136,
59,54,30,420,4,4,1.61,16,0.8,0.000268,0.218,181,
60,54,30,420,4,4,1.61,16,0.8,0.000268,0.299,227,
61,54,30,420,4,4,1.61,16,0.8,0.000268,0.663,454,
62,54,30,420,4,4,1.61,16,0.8,0.000268,0.8,590,
63,54,30,420,4,4,1.61,16,0.8,0.000268,0.865,635,
64,54,30,420,4,4,1.61,16,0.8,0.000268,0.898,658,
65,54,30,420,4,4,1.61,16,0.8,0.000268,0.914,669,
66,54,30,420,4,4,1.61,16,0.8,0.000268,0.921,674,
67,54,30,420,4,4,1.61,16,0.8,0.000268,0.931,680,
68,54,30,420,4,4,1.61,16,0.8,0.000268,0.914,703,
69,54,30,420,4,4,1.61,16,0.8,0.000268,0.945,726,
70,54,30,420,4,4,1.61,16,0.8,0.000268,1.04,794,
71,54,30,420,4,4,1.61,16,0.8,0.000268,2.64,812,
72,54,30,420,4,4,1.61,16,0.8,0.000268,2.71,828,
73,54,30,420,4,4,1.61,16,0.8,0.000268,2.85,862,
74,54,30,420,4,4,1.61,16,0.8,0.000268,3.55,862,
76,66,38,450,4,4,2,16,0.8,0.000268,0.00857,29.7,
77,66,38,450,4,4,2,16,0.8,0.000268,0.0155,59.4,
78,66,38,450,4,4,2,16,0.8,0.000268,0.0233,89.1,
79,66,38,450,4,4,2,16,0.8,0.000268,0.031,119,
80,66,38,450,4,4,2,16,0.8,0.000268,0.0322,123,
81,66,38,450,4,4,2,16,0.8,0.000268,0.0334,128,
82,66,38,450,4,4,2,16,0.8,0.000268,0.0341,131,
83,66,38,450,4,4,2,16,0.8,0.000268,0.0916,134,
84,66,38,450,4,4,2,16,0.8,0.000268,0.0979,149,
85,66,38,450,4,4,2,16,0.8,0.000268,0.118,178,
86,66,38,450,4,4,2,16,0.8,0.000268,0.159,238,
87,66,38,450,4,4,2,16,0.8,0.000268,0.321,446,
88,66,38,450,4,4,2,16,0.8,0.000268,0.597,891,
89,66,38,450,4,4,2,16,0.8,0.000268,0.856,1190,
90,66,38,450,4,4,2,16,0.8,0.000268,0.889,1230,
91,66,38,450,4,4,2,16,0.8,0.000268,0.874,1280,
92,66,38,450,4,4,2,16,0.8,0.000268,0.878,1280,
93,66,38,450,4,4,2,16,0.8,0.000268,0.885,1290,
94,66,38,450,4,4,2,16,0.8,0.000268,0.896,1310,
95,66,38,450,4,4,2,16,0.8,0.000268,0.917,1340,
96,66,38,450,4,4,2,16,0.8,0.000268,0.959,1400,
97,66,38,450,4,4,2,16,0.8,0.000268,2.14,1440,
98,66,38,450,4,4,2,16,0.8,0.000268,2.16,1490,
99,66,38,450,4,4,2,16,0.8,0.000268,3.21,1540,
104,16,32,260,3,4,1.28,15,0.6,0.000268,0.00177,4.16,
105,16,32,260,3,4,1.28,15,0.6,0.000268,0.00415,12.5,
106,16,32,260,3,4,1.28,15,0.6,0.000268,0.00862,20.8,
107,16,32,260,3,4,1.28,15,0.6,0.000268,0.00965,29.1,
108,16,32,260,3,4,1.28,15,0.6,0.000268,0.0138,33.3,
109,16,32,260,3,4,1.28,15,0.6,0.000268,0.0138,41.6,
110,16,32,260,3,4,1.28,15,0.6,0.000268,0.0258,62.4,
111,16,32,260,3,4,1.28,15,0.6,0.000268,0.0234,70.7,
112,16,32,260,3,4,1.28,15,0.6,0.000268,0.0653,74.9,
113,16,32,260,3,4,1.28,15,0.6,0.000268,0.0738,83.2,
114,16,32,260,3,4,1.28,15,0.6,0.000268,0.118,125,
115,16,32,260,3,4,1.28,15,0.6,0.000268,0.193,208,
116,16,32,260,3,4,1.28,15,0.6,0.000268,0.343,291,
117,16,32,260,3,4,1.28,15,0.6,0.000268,0.407,374,
118,16,32,260,3,4,1.28,15,0.6,0.000268,0.457,416,
119,16,32,260,3,4,1.28,15,0.6,0.000268,0.506,458,
120,16,32,260,3,4,1.28,15,0.6,0.000268,0.53,478,
121,16,32,260,3,4,1.28,15,0.6,0.000268,0.537,485,
122,16,32,260,3,4,1.28,15,0.6,0.000268,0.542,489,
123,16,32,260,3,4,1.28,15,0.6,0.000268,0.545,491,
124,16,32,260,3,4,1.28,15,0.6,0.000268,0.555,499,
125,16,32,260,3,4,1.28,15,0.6,0.000268,0.58,520,
126,16,32,260,3,4,1.28,15,0.6,0.000268,1.11,532,
127,16,32,260,3,4,1.28,15,0.6,0.000268,1.13,541,
128,16,32,260,3,4,1.28,15,0.6,0.000268,1.83,582,
132,29,36,290,4,4,1.83,16,0.6,0.000268,0.00163,8.41,
133,29,36,290,4,4,1.83,16,0.6,0.000268,0.00375,25.2,
134,29,36,290,4,4,1.83,16,0.6,0.000268,0.00625,42.1,
135,29,36,290,4,4,1.83,16,0.6,0.000268,0.00749,50.5,
136,29,36,290,4,4,1.83,16,0.6,0.000268,0.00874,58.9,
137,29,36,290,4,4,1.83,16,0.6,0.000268,0.0127,67.3,
138,29,36,290,4,4,1.83,16,0.6,0.000268,0.0125,84.1,
139,29,36,290,4,4,1.83,16,0.6,0.000268,0.0238,126,
140,29,36,290,4,4,1.83,16,0.6,0.000268,0.02,135,
141,29,36,290,4,4,1.83,16,0.6,0.000268,0.0212,143,
142,29,36,290,4,4,1.83,16,0.6,0.000268,0.0748,151,
143,29,36,290,4,4,1.83,16,0.6,0.000268,0.0774,168,
144,29,36,290,4,4,1.83,16,0.6,0.000268,0.136,252,
145,29,36,290,4,4,1.83,16,0.6,0.000268,0.203,421,
146,29,36,290,4,4,1.83,16,0.6,0.000268,0.416,673,
147,29,36,290,4,4,1.83,16,0.6,0.000268,0.48,841,
148,29,36,290,4,4,1.83,16,0.6,0.000268,0.371,925,
149,29,36,290,4,4,1.83,16,0.6,0.000268,0.407,1010,
150,29,36,290,4,4,1.83,16,0.6,0.000268,0.41,1020,
151,29,36,290,4,4,1.83,16,0.6,0.000268,0.418,1030,
152,29,36,290,4,4,1.83,16,0.6,0.000268,0.442,1090,
153,29,36,290,4,4,1.83,16,0.6,0.000268,1.24,1120,
154,29,36,290,4,4,1.83,16,0.6,0.000268,1.6,1160,
155,29,36,290,4,4,1.83,16,0.6,0.000268,1.61,1140,
156,29,36,290,4,4,1.83,16,0.6,0.000268,1.94,1140,
160,29,36,290,4,4,2.08,16,0.6,0.000268,0.00161,8.41,
161,29,36,290,4,4,2.08,16,0.6,0.000268,0.00371,25.2,
162,29,36,290,4,4,2.08,16,0.6,0.000268,0.00618,42.1,
163,29,36,290,4,4,2.08,16,0.6,0.000268,0.00741,50.5,
164,29,36,290,4,4,2.08,16,0.6,0.000268,0.00803,54.7,
165,29,36,290,4,4,2.08,16,0.6,0.000268,0.00864,58.9,
166,29,36,290,4,4,2.08,16,0.6,0.000268,0.0117,63.1,
167,29,36,290,4,4,2.08,16,0.6,0.000268,0.0125,67.3,
168,29,36,290,4,4,2.08,16,0.6,0.000268,0.0141,75.7,
169,29,36,290,4,4,2.08,16,0.6,0.000268,0.0188,101,
170,29,36,290,4,4,2.08,16,0.6,0.000268,0.0247,168,
171,29,36,290,4,4,2.08,16,0.6,0.000268,0.0795,177,
172,29,36,290,4,4,2.08,16,0.6,0.000268,0.106,185,
173,29,36,290,4,4,2.08,16,0.6,0.000268,0.115,210,
174,29,36,290,4,4,2.08,16,0.6,0.000268,0.132,252,
175,29,36,290,4,4,2.08,16,0.6,0.000268,0.189,336,
176,29,36,290,4,4,2.08,16,0.6,0.000268,0.198,421,
177,29,36,290,4,4,2.08,16,0.6,0.000268,0.318,589,
178,29,36,290,4,4,2.08,16,0.6,0.000268,0.367,673,
179,29,36,290,4,4,2.08,16,0.6,0.000268,0.329,841,
180,29,36,290,4,4,2.08,16,0.6,0.000268,0.363,925,
181,29,36,290,4,4,2.08,16,0.6,0.000268,0.398,1010,
182,29,36,290,4,4,2.08,16,0.6,0.000268,0.615,1090,
183,29,36,290,4,4,2.08,16,0.6,0.000268,0.45,1140,
184,29,36,290,4,4,2.08,16,0.6,0.000268,0.467,1180,
185,29,36,290,4,4,2.08,16,0.6,0.000268,1.46,1220,
186,29,36,290,4,4,2.08,16,0.6,0.000268,1.69,1260,
187,29,36,290,4,4,2.08,16,0.6,0.000268,2.06,1260,
188,38,32,300,4,4,1.76,13,0.8,0.000268,0.00282,11.4,
189,38,32,300,4,4,1.76,13,0.8,0.000268,0.00557,22.8,
190,38,32,300,4,4,1.76,13,0.8,0.000268,0.00557,22.8,
191,38,32,300,4,4,1.76,13,0.8,0.000268,0.00833,34.2,
192,38,32,300,4,4,1.76,13,0.8,0.000268,0.0111,45.6,
193,38,32,300,4,4,1.76,13,0.8,0.000268,0.0125,51.3,
194,38,32,300,4,4,1.76,13,0.8,0.000268,0.0138,57,
195,38,32,300,4,4,1.76,13,0.8,0.000268,0.0166,68.4,
196,38,32,300,4,4,1.76,13,0.8,0.000268,0.0221,91.2,
197,38,32,300,4,4,1.76,13,0.8,0.000268,0.0249,103,
198,38,32,300,4,4,1.76,13,0.8,0.000268,0.066,108,
199,38,32,300,4,4,1.76,13,0.8,0.000268,0.0703,114,
200,38,32,300,4,4,1.76,13,0.8,0.000268,0.162,228,
201,38,32,300,4,4,1.76,13,0.8,0.000268,0.222,342,
202,38,32,300,4,4,1.76,13,0.8,0.000268,0.357,570,
203,38,32,300,4,4,1.76,13,0.8,0.000268,0.51,798,
204,38,32,300,4,4,1.76,13,0.8,0.000268,0.643,912,
205,38,32,300,4,4,1.76,13,0.8,0.000268,0.61,946,
206,38,32,300,4,4,1.76,13,0.8,0.000268,0.693,980,
207,38,32,300,4,4,1.76,13,0.8,0.000268,1.34,1030,
208,38,32,300,4,4,1.76,13,0.8,0.000268,1.44,1080,
209,38,32,300,4,4,1.76,13,0.8,0.000268,1.85,1140,
210,38,32,300,4,4,1.76,13,0.8,0.000268,2.28,1140,
216,38,32,300,4,4,2.24,13,0.8,0.000268,0.00185,11.4,
217,38,32,300,4,4,2.24,13,0.8,0.000268,0.00813,34.2,
218,38,32,300,4,4,2.24,13,0.8,0.000268,0.0108,45.6,
219,38,32,300,4,4,2.24,13,0.8,0.000268,0.0122,51.3,
220,38,32,300,4,4,2.24,13,0.8,0.000268,0.0109,54.7,
221,38,32,300,4,4,2.24,13,0.8,0.000268,0.0113,57,
222,38,32,300,4,4,2.24,13,0.8,0.000268,0.0162,68.4,
223,38,32,300,4,4,2.24,13,0.8,0.000268,0.0189,79.8,
224,38,32,300,4,4,2.24,13,0.8,0.000268,0.0181,91.2,
225,38,32,300,4,4,2.24,13,0.8,0.000268,0.0243,103,
226,38,32,300,4,4,2.24,13,0.8,0.000268,0.0227,114,
227,38,32,300,4,4,2.24,13,0.8,0.000268,0.0297,125,
228,38,32,300,4,4,2.24,13,0.8,0.000268,0.0718,137,
229,38,32,300,4,4,2.24,13,0.8,0.000268,0.0752,143,
230,38,32,300,4,4,2.24,13,0.8,0.000268,0.0786,148,
231,38,32,300,4,4,2.24,13,0.8,0.000268,0.0928,171,
232,38,32,300,4,4,2.24,13,0.8,0.000268,0.141,228,
233,38,32,300,4,4,2.24,13,0.8,0.000268,0.175,342,
234,38,32,300,4,4,2.24,13,0.8,0.000268,0.339,570,
235,38,32,300,4,4,2.24,13,0.8,0.000268,0.443,798,
236,38,32,300,4,4,2.24,13,0.8,0.000268,0.633,1030,
237,38,32,300,4,4,2.24,13,0.8,0.000268,0.648,1050,
238,38,32,300,4,4,2.24,13,0.8,0.000268,0.655,1060,
239,38,32,300,4,4,2.24,13,0.8,0.000268,0.663,1070,
240,38,32,300,4,4,2.24,13,0.8,0.000268,0.666,1080,
241,38,32,300,4,4,2.24,13,0.8,0.000268,0.668,1080,
242,38,32,300,4,4,2.24,13,0.8,0.000268,0.67,1080,
243,38,32,300,4,4,2.24,13,0.8,0.000268,0.67,1080,
244,38,32,300,4,4,2.24,13,0.8,0.000268,0.708,1140,
245,38,32,300,4,4,2.24,13,0.8,0.000268,1.59,1250,
246,38,32,300,4,4,2.24,13,0.8,0.000268,1.84,1310,
247,38,32,300,4,4,2.24,13,0.8,0.000268,2.37,1310,
248,16,32,260,3,4,0.91,15,0.6,0.000268,0.0018166,4.16,
249,16,32,260,3,4,0.91,15,0.6,0.000268,0.003566,8.32,
250,16,32,260,3,4,0.91,15,0.6,0.000268,0.0042452,12.5,
251,16,32,260,3,4,0.91,15,0.6,0.000268,0.0070789,16.6,
252,16,32,260,3,4,0.91,15,0.6,0.000268,0.0088399,20.8,
253,16,32,260,3,4,0.91,15,0.6,0.000268,0.0084583,25,
254,16,32,260,3,4,0.91,15,0.6,0.000268,0.0098616,29.1,
255,16,32,260,3,4,0.91,15,0.6,0.000268,0.011266,33.3,
256,16,32,260,3,4,0.91,15,0.6,0.000268,0.014081,41.6,
257,16,32,260,3,4,0.91,15,0.6,0.000268,0.10447,83.2,
258,16,32,260,3,4,0.91,15,0.6,0.000268,0.1265,125,
259,16,32,260,3,4,0.91,15,0.6,0.000268,0.15987,166,
260,16,32,260,3,4,0.91,15,0.6,0.000268,0.25737,208,
261,16,32,260,3,4,0.91,15,0.6,0.000268,0.24981,250,
262,16,32,260,3,4,0.91,15,0.6,0.000268,0.29683,291,
263,16,32,260,3,4,0.91,15,0.6,0.000268,0.34253,333,
264,16,32,260,3,4,0.91,15,0.6,0.000268,0.48138,374,
265,16,32,260,3,4,0.91,15,0.6,0.000268,0.53875,416,
266,16,32,260,3,4,0.91,15,0.6,0.000268,0.5686,437,
267,16,32,260,3,4,0.91,15,0.6,0.000268,0.57741,443,
268,16,32,260,3,4,0.91,15,0.6,0.000268,1.0592,449,
269,16,32,260,3,4,0.91,15,0.6,0.000268,1.0867,458,
270,16,32,260,3,4,0.91,15,0.6,0.000268,1.751,458,
271,20,40,280,4,4,1.13,16,0.6,0.000268,0.00115,5.6,
272,20,40,280,4,4,1.13,16,0.6,0.000268,0.00281,11.2,
273,20,40,280,4,4,1.13,16,0.6,0.000268,0.00336,16.8,
274,20,40,280,4,4,1.13,16,0.6,0.000268,0.00557,28,
275,20,40,280,4,4,1.13,16,0.6,0.000268,0.00668,33.6,
276,20,40,280,4,4,1.13,16,0.6,0.000268,0.0089,44.8,
277,20,40,280,4,4,1.13,16,0.6,0.000268,0.0111,56,
278,20,40,280,4,4,1.13,16,0.6,0.000268,0.0134,67.2,
279,20,40,280,4,4,1.13,16,0.6,0.000268,0.0178,89.6,
280,20,40,280,4,4,1.13,16,0.6,0.000268,0.02,101,
281,20,40,280,4,4,1.13,16,0.6,0.000268,0.0211,106,
282,20,40,280,4,4,1.13,16,0.6,0.000268,0.0578,112,
283,20,40,280,4,4,1.13,16,0.6,0.000268,0.113,168,
284,20,40,280,4,4,1.13,16,0.6,0.000268,0.172,280,
285,20,40,280,4,4,1.13,16,0.6,0.000268,0.172,392,
286,20,40,280,4,4,1.13,16,0.6,0.000268,0.296,504,
287,20,40,280,4,4,1.13,16,0.6,0.000268,0.292,560,
288,20,40,280,4,4,1.13,16,0.6,0.000268,0.45,672,
289,20,40,280,4,4,1.13,16,0.6,0.000268,0.531,784,
290,20,40,280,4,4,1.13,16,0.6,0.000268,0.613,812,
291,20,40,280,4,4,1.13,16,0.6,0.000268,1.03,896,
292,20,40,280,4,4,1.13,16,0.6,0.000268,1.43,952,
293,20,40,280,4,4,1.13,16,0.6,0.000268,1.87,952,
294,20,25,260,3,4,0.9,15,0.9,0.000268,0.0075985,10.4,
295,20,25,260,3,4,0.9,15,0.9,0.000268,0.011401,15.6,
296,20,25,260,3,4,0.9,15,0.9,0.000268,0.014154,20.8,
297,20,25,260,3,4,0.9,15,0.9,0.000268,0.017691,26,
298,20,25,260,3,4,0.9,15,0.9,0.000268,0.019274,33.8,
299,20,25,260,3,4,0.9,15,0.9,0.000268,0.02476,36.4,
300,20,25,260,3,4,0.9,15,0.9,0.000268,0.066298,41.6,
301,20,25,260,3,4,0.9,15,0.9,0.000268,0.080186,52,
302,20,25,260,3,4,0.9,15,0.9,0.000268,0.24338,156,
303,20,25,260,3,4,0.9,15,0.9,0.000268,0.33359,208,
304,20,25,260,3,4,0.9,15,0.9,0.000268,0.42365,260,
305,20,25,260,3,4,0.9,15,0.9,0.000268,0.51488,286,
306,20,25,260,3,4,0.9,15,0.9,0.000268,0.54485,302,
307,20,25,260,3,4,0.9,15,0.9,0.000268,0.56467,312,
308,20,25,260,3,4,0.9,15,0.9,0.000268,1.124,322,
309,20,25,260,3,4,0.9,15,0.9,0.000268,1.3141,338,
310,20,25,260,3,4,0.9,15,0.9,0.000268,1.3288,354,
311,20,25,260,3,4,0.9,15,0.9,0.000268,1.7321,364,
312,20,25,260,3,4,0.9,15,0.9,0.000268,1.9532,364,
313,29,36,290,4,4,1.29,16,0.6,0.000268,0.00204,8.41,
314,29,36,290,4,4,1.29,16,0.6,0.000268,0.00257,16.8,
315,29,36,290,4,4,1.29,16,0.6,0.000268,0.00511,33.6,
316,29,36,290,4,4,1.29,16,0.6,0.000268,0.00812,42.1,
317,29,36,290,4,4,1.29,16,0.6,0.000268,0.00974,50.5,
318,29,36,290,4,4,1.29,16,0.6,0.000268,0.0102,67.3,
319,29,36,290,4,4,1.29,16,0.6,0.000268,0.0198,84.1,
320,29,36,290,4,4,1.29,16,0.6,0.000268,0.0195,101,
321,29,36,290,4,4,1.29,16,0.6,0.000268,0.0159,105,
322,29,36,290,4,4,1.29,16,0.6,0.000268,0.059,109,
323,29,36,290,4,4,1.29,16,0.6,0.000268,0.0644,118,
324,29,36,290,4,4,1.29,16,0.6,0.000268,0.0755,135,
325,29,36,290,4,4,1.29,16,0.6,0.000268,0.0871,151,
326,29,36,290,4,4,1.29,16,0.6,0.000268,0.116,168,
327,29,36,290,4,4,1.29,16,0.6,0.000268,0.131,185,
328,29,36,290,4,4,1.29,16,0.6,0.000268,0.161,252,
329,29,36,290,4,4,1.29,16,0.6,0.000268,0.241,421,
330,29,36,290,4,4,1.29,16,0.6,0.000268,0.384,589,
331,29,36,290,4,4,1.29,16,0.6,0.000268,0.501,757,
332,29,36,290,4,4,1.29,16,0.6,0.000268,0.56,841,
333,29,36,290,4,4,1.29,16,0.6,0.000268,0.59,883,
334,29,36,290,4,4,1.29,16,0.6,0.000268,0.608,908,
335,29,36,290,4,4,1.29,16,0.6,0.000268,0.62,925,
336,29,36,290,4,4,1.29,16,0.6,0.000268,0.714,967,
337,29,36,290,4,4,1.29,16,0.6,0.000268,1.21,1010,
338,29,36,290,4,4,1.29,16,0.6,0.000268,1.58,1050,
339,29,36,290,4,4,1.29,16,0.6,0.000268,1.76,1090,
340,29,36,290,4,4,1.29,16,0.6,0.000268,1.99,1090,
341,32,40,280,4,4,1.43,16,0.6,0.000268,0.00114,8.96,
342,32,40,280,4,4,1.43,16,0.6,0.000268,0.00168,17.9,
343,32,40,280,4,4,1.43,16,0.6,0.000268,0.00335,35.8,
344,32,40,280,4,4,1.43,16,0.6,0.000268,0.00669,53.8,
345,32,40,280,4,4,1.43,16,0.6,0.000268,0.00779,62.7,
346,32,40,280,4,4,1.43,16,0.6,0.000268,0.00835,67.2,
347,32,40,280,4,4,1.43,16,0.6,0.000268,0.0089,71.7,
348,32,40,280,4,4,1.43,16,0.6,0.000268,0.01,80.6,
349,32,40,280,4,4,1.43,16,0.6,0.000268,0.0122,98.6,
350,32,40,280,4,4,1.43,16,0.6,0.000268,0.0642,179,
351,32,40,280,4,4,1.43,16,0.6,0.000268,0.115,269,
352,32,40,280,4,4,1.43,16,0.6,0.000268,0.136,448,
353,32,40,280,4,4,1.43,16,0.6,0.000268,0.254,627,
354,32,40,280,4,4,1.43,16,0.6,0.000268,0.228,806,
355,32,40,280,4,4,1.43,16,0.6,0.000268,0.281,986,
356,32,40,280,4,4,1.43,16,0.6,0.000268,0.386,1160,
357,32,40,280,4,4,1.43,16,0.6,0.000268,0.417,1250,
358,32,40,280,4,4,1.43,16,0.6,0.000268,0.433,1300,
359,32,40,280,4,4,1.43,16,0.6,0.000268,0.449,1340,
360,32,40,280,4,4,1.43,16,0.6,0.000268,0.466,1390,
361,32,40,280,4,4,1.43,16,0.6,0.000268,0.482,1430,
362,32,40,280,4,4,1.43,16,0.6,0.000268,0.695,1450,
363,32,40,280,4,4,1.43,16,0.6,0.000268,0.709,1480,
364,32,40,280,4,4,1.43,16,0.6,0.000268,1.45,1510,
365,32,40,280,4,4,1.43,16,0.6,0.000268,1.79,1510,
366,31,26,310,4,4,1.14,14,0.8,0.000268,,9.61,0.00589
367,31,26,310,4,4,1.14,14,0.8,0.000268,,19.2,0.0102
368,31,26,310,4,4,1.14,14,0.8,0.000268,,24,0.0146
369,31,26,310,4,4,1.14,14,0.8,0.000268,,26.9,0.0164
370,31,26,310,4,4,1.14,14,0.8,0.000268,,27.9,0.017
371,31,26,310,4,4,1.14,14,0.8,0.000268,,28.8,0.0176
372,31,26,310,4,4,1.14,14,0.8,0.000268,,38.4,0.0204
373,31,26,310,4,4,1.14,14,0.8,0.000268,,48.1,0.0293
374,31,26,310,4,4,1.14,14,0.8,0.000268,,50.9,0.0727
375,31,26,310,4,4,1.14,14,0.8,0.000268,,52.9,0.0763
376,31,26,310,4,4,1.14,14,0.8,0.000268,,57.7,0.0852
377,31,26,310,4,4,1.14,14,0.8,0.000268,,67.3,0.0968
378,31,26,310,4,4,1.14,14,0.8,0.000268,,86.5,0.157
379,31,26,310,4,4,1.14,14,0.8,0.000268,,115,0.199
380,31,26,310,4,4,1.14,14,0.8,0.000268,,192,0.27
381,31,26,310,4,4,1.14,14,0.8,0.000268,,288,0.492
382,31,26,310,4,4,1.14,14,0.8,0.000268,,384,0.665
383,31,26,310,4,4,1.14,14,0.8,0.000268,,399,0.648
384,31,26,310,4,4,1.14,14,0.8,0.000268,,404,0.608
385,31,26,310,4,4,1.14,14,0.8,0.000268,,407,0.613
386,31,26,310,4,4,1.14,14,0.8,0.000268,,408,0.616
387,31,26,310,4,4,1.14,14,0.8,0.000268,,413,0.623
388,31,26,310,4,4,1.14,14,0.8,0.000268,,432,0.704
389,31,26,310,4,4,1.14,14,0.8,0.000268,,461,0.75
390,31,26,310,4,4,1.14,14,0.8,0.000268,,481,1.19
391,31,26,310,4,4,1.14,14,0.8,0.000268,,501,2.3
392,38,32,300,4,4,1.4,13,0.8,0.000268,0.000998,11.4,
393,38,32,300,4,4,1.4,13,0.8,0.000268,0.00844,34.2,
394,38,32,300,4,4,1.4,13,0.8,0.000268,0.0131,45.6,
395,38,32,300,4,4,1.4,13,0.8,0.000268,0.0126,51.3,
396,38,32,300,4,4,1.4,13,0.8,0.000268,0.014,57,
397,38,32,300,4,4,1.4,13,0.8,0.000268,0.0168,68.4,
398,38,32,300,4,4,1.4,13,0.8,0.000268,0.0196,79.8,
399,38,32,300,4,4,1.4,13,0.8,0.000268,0.021,85.5,
400,38,32,300,4,4,1.4,13,0.8,0.000268,0.0219,88.9,
401,38,32,300,4,4,1.4,13,0.8,0.000268,0.0588,91.2,
402,38,32,300,4,4,1.4,13,0.8,0.000268,0.073,114,
403,38,32,300,4,4,1.4,13,0.8,0.000268,0.169,228,
404,38,32,300,4,4,1.4,13,0.8,0.000268,0.316,456,
405,38,32,300,4,4,1.4,13,0.8,0.000268,0.492,684,
406,38,32,300,4,4,1.4,13,0.8,0.000268,0.577,798,
407,38,32,300,4,4,1.4,13,0.8,0.000268,0.62,855,
408,38,32,300,4,4,1.4,13,0.8,0.000268,0.624,861,
409,38,32,300,4,4,1.4,13,0.8,0.000268,0.628,866,
410,38,32,300,4,4,1.4,13,0.8,0.000268,0.633,872,
411,38,32,300,4,4,1.4,13,0.8,0.000268,0.646,889,
412,38,32,300,4,4,1.4,13,0.8,0.000268,0.663,912,
413,38,32,300,4,4,1.4,13,0.8,0.000268,0.68,935,
414,38,32,300,4,4,1.4,13,0.8,0.000268,1.39,969,
415,38,32,300,4,4,1.4,13,0.8,0.000268,1.45,1000,
416,38,32,300,4,4,1.4,13,0.8,0.000268,1.79,1030,
417,38,32,300,4,4,1.4,13,0.8,0.000268,2.12,1030,
418,48,40,336,4,4,1.76,15,0.8,0.000268,0.00192,16.1,
419,48,40,336,4,4,1.76,15,0.8,0.000268,0.00679,48.4,
420,48,40,336,4,4,1.76,15,0.8,0.000268,0.00904,64.5,
421,48,40,336,4,4,1.76,15,0.8,0.000268,0.0113,80.6,
422,48,40,336,4,4,1.76,15,0.8,0.000268,0.0103,88.7,
423,48,40,336,4,4,1.76,15,0.8,0.000268,0.0126,90.3,
424,48,40,336,4,4,1.76,15,0.8,0.000268,0.0109,93.5,
425,48,40,336,4,4,1.76,15,0.8,0.000268,0.0112,96.8,
426,48,40,336,4,4,1.76,15,0.8,0.000268,0.0158,113,
427,48,40,336,4,4,1.76,15,0.8,0.000268,0.018,129,
428,48,40,336,4,4,1.76,15,0.8,0.000268,0.0225,161,
429,48,40,336,4,4,1.76,15,0.8,0.000268,0.0248,177,
430,48,40,336,4,4,1.76,15,0.8,0.000268,0.0732,194,
431,48,40,336,4,4,1.76,15,0.8,0.000268,0.0964,242,
432,48,40,336,4,4,1.76,15,0.8,0.000268,0.147,323,
433,48,40,336,4,4,1.76,15,0.8,0.000268,0.207,484,
434,48,40,336,4,4,1.76,15,0.8,0.000268,0.344,806,
435,48,40,336,4,4,1.76,15,0.8,0.000268,0.454,1130,
436,48,40,336,4,4,1.76,15,0.8,0.000268,0.476,1290,
437,48,40,336,4,4,1.76,15,0.8,0.000268,0.694,1450,
438,48,40,336,4,4,1.76,15,0.8,0.000268,0.735,1530,
439,48,40,336,4,4,1.76,15,0.8,0.000268,0.704,1580,
440,48,40,336,4,4,1.76,15,0.8,0.000268,0.779,1610,
441,48,40,336,4,4,1.76,15,0.8,0.000268,0.757,1690,
442,48,40,336,4,4,1.76,15,0.8,0.000268,0.78,1740,
443,48,40,336,4,4,1.76,15,0.8,0.000268,1.28,1810,
444,48,40,336,4,4,1.76,15,0.8,0.000268,1.69,1940,
445,48,40,336,4,4,1.76,15,0.8,0.000268,2.3,2100,
446,300,24,300,3.6,19,1.2,15,0.6,0.000268,0.00528,90,
447,300,24,300,3.6,19,1.2,15,0.6,0.000268,0.0111,180,
448,300,24,300,3.6,19,1.2,15,0.6,0.000268,0.0138,225,
449,300,24,300,3.6,19,1.2,15,0.6,0.000268,0.0165,270,
450,300,24,300,3.6,19,1.2,15,0.6,0.000268,0.022,360,
451,300,24,300,3.6,19,1.2,15,0.6,0.000268,0.033,540,
452,300,24,300,3.6,19,1.2,15,0.6,0.000268,0.0341,558,
453,300,24,300,3.6,19,1.2,15,0.6,0.000268,0.0896,572,
454,300,24,300,3.6,19,1.2,15,0.6,0.000268,0.0921,585,
455,300,24,300,3.6,19,1.2,15,0.6,0.000268,0.101,630,
456,300,24,300,3.6,19,1.2,15,0.6,0.000268,0.118,720,
457,300,24,300,3.6,19,1.2,15,0.6,0.000268,0.145,900,
458,300,24,300,3.6,19,1.2,15,0.6,0.000268,0.306,1800,
459,300,24,300,3.6,19,1.2,15,0.6,0.000268,0.703,3600,
460,300,24,300,3.6,19,1.2,15,0.6,0.000268,0.758,3870,
461,300,24,300,3.6,19,1.2,15,0.6,0.000268,0.796,4050,
462,300,24,300,3.6,19,1.2,15,0.6,0.000268,0.814,4140,
463,300,24,300,3.6,19,1.2,15,0.6,0.000268,0.833,4230,
464,300,24,300,3.6,19,1.2,15,0.6,0.000268,0.889,4500,
465,300,24,300,3.6,19,1.2,15,0.6,0.000268,1.16,5400,
466,300,24,300,3.6,19,1.2,15,0.6,0.000268,2.04,5490,
467,300,24,300,3.6,19,1.2,15,0.6,0.000268,2.08,5580,
468,300,24,300,3.6,19,1.2,15,0.6,0.000268,2.28,5850,
469,300,24,300,3.6,19,1.2,15,0.6,0.000268,2.31,5850,
470,150,20,330,3.2,10,1.07,17,0.6,0.000268,0.0237,49.5,
471,150,20,330,3.2,10,1.07,17,0.6,0.000268,0.0308,64.4,
472,150,20,330,3.2,10,1.07,17,0.6,0.000268,0.0379,79.2,
473,150,20,330,3.2,10,1.07,17,0.6,0.000268,0.0473,99,
474,150,20,330,3.2,10,1.07,17,0.6,0.000268,0.071,149,
475,150,20,330,3.2,10,1.07,17,0.6,0.000268,0.078,163,
476,150,20,330,3.2,10,1.07,17,0.6,0.000268,0.0804,168,
477,150,20,330,3.2,10,1.07,17,0.6,0.000268,0.125,173,
478,150,20,330,3.2,10,1.07,17,0.6,0.000268,0.147,198,
479,150,20,330,3.2,10,1.07,17,0.6,0.000268,0.172,248,
480,150,20,330,3.2,10,1.07,17,0.6,0.000268,0.338,396,
481,150,20,330,3.2,10,1.07,17,0.6,0.000268,0.444,495,
482,150,20,330,3.2,10,1.07,17,0.6,0.000268,0.484,594,
483,150,20,330,3.2,10,1.07,17,0.6,0.000268,0.746,990,
484,150,20,330,3.2,10,1.07,17,0.6,0.000268,0.97,1110,
485,150,20,330,3.2,10,1.07,17,0.6,0.000268,0.993,1140,
486,150,20,330,3.2,10,1.07,17,0.6,0.000268,1.06,1090,
487,150,20,330,3.2,10,1.07,17,0.6,0.000268,1.09,1240,
488,150,20,330,3.2,10,1.07,17,0.6,0.000268,1.13,1290,
489,150,20,330,3.2,10,1.07,17,0.6,0.000268,1.18,1340,
490,150,20,330,3.2,10,1.07,17,0.6,0.000268,1.8,1360,
491,150,20,330,3.2,10,1.07,17,0.6,0.000268,1.83,1390,
492,150,20,330,3.2,10,1.07,17,0.6,0.000268,3.26,1440,
493,172,18,380,3.2,11,1.03,19,0.6,0.000268,0.053,65.4,
494,172,18,380,3.2,11,1.03,19,0.6,0.000268,0.0711,98,
495,172,18,380,3.2,11,1.03,19,0.6,0.000268,0.0853,118,
496,172,18,380,3.2,11,1.03,19,0.6,0.000268,0.0901,124,
497,172,18,380,3.2,11,1.03,19,0.6,0.000268,0.165,131,
498,172,18,380,3.2,11,1.03,19,0.6,0.000268,0.269,196,
499,172,18,380,3.2,11,1.03,19,0.6,0.000268,0.452,327,
500,172,18,380,3.2,11,1.03,19,0.6,0.000268,0.851,523,
501,172,18,380,3.2,11,1.03,19,0.6,0.000268,1.18,654,
502,172,18,380,3.2,11,1.03,19,0.6,0.000268,1.21,719,
503,172,18,380,3.2,11,1.03,19,0.6,0.000268,1.17,752,
504,172,18,380,3.2,11,1.03,19,0.6,0.000268,1.2,771,
505,172,18,380,3.2,11,1.03,19,0.6,0.000268,1.21,778,
506,172,18,380,3.2,11,1.03,19,0.6,0.000268,1.22,784,
507,172,18,380,3.2,11,1.03,19,0.6,0.000268,1.33,850,
508,172,18,380,3.2,11,1.03,19,0.6,0.000268,1.32,915,
509,172,18,380,3.2,11,1.03,19,0.6,0.000268,1.37,948,
510,172,18,380,3.2,11,1.03,19,0.6,0.000268,1.39,961,
511,172,18,380,3.2,11,1.03,19,0.6,0.000268,2.38,980,
512,172,18,380,3.2,11,1.03,19,0.6,0.000268,2.61,1010,
513,172,18,380,3.2,11,1.03,19,0.6,0.000268,4.58,1010,
516,190,20,420,3.2,12,1.1,21,0.6,0.000268,0.0553,79.8,
517,190,20,420,3.2,12,1.1,21,0.6,0.000268,0.072,104,
518,190,20,420,3.2,12,1.1,21,0.6,0.000268,0.083,120,
519,190,20,420,3.2,12,1.1,21,0.6,0.000268,0.111,160,
520,190,20,420,3.2,12,1.1,21,0.6,0.000268,0.179,168,
521,190,20,420,3.2,12,1.1,21,0.6,0.000268,0.198,184,
522,190,20,420,3.2,12,1.1,21,0.6,0.000268,0.203,200,
523,190,20,420,3.2,12,1.1,21,0.6,0.000268,0.232,223,
524,190,20,420,3.2,12,1.1,21,0.6,0.000268,0.332,239,
525,190,20,420,3.2,12,1.1,21,0.6,0.000268,0.41,319,
526,190,20,420,3.2,12,1.1,21,0.6,0.000268,0.921,638,
527,190,20,420,3.2,12,1.1,21,0.6,0.000268,1.19,798,
528,190,20,420,3.2,12,1.1,21,0.6,0.000268,1.23,958,
529,190,20,420,3.2,12,1.1,21,0.6,0.000268,1.24,966,
530,190,20,420,3.2,12,1.1,21,0.6,0.000268,1.26,982,
531,190,20,420,3.2,12,1.1,21,0.6,0.000268,1.29,998,
532,190,20,420,3.2,12,1.1,21,0.6,0.000268,1.34,1040,
533,190,20,420,3.2,12,1.1,21,0.6,0.000268,1.83,1120,
534,190,20,420,3.2,12,1.1,21,0.6,0.000268,2.37,1200,
535,190,20,420,3.2,12,1.1,21,0.6,0.000268,2.54,1280,
536,190,20,420,3.2,12,1.1,21,0.6,0.000268,2.94,1320,
537,190,20,420,3.2,12,1.1,21,0.6,0.000268,3.04,1360,
538,190,20,420,3.2,12,1.1,21,0.6,0.000268,4.69,1360,
539,360,36,360,3.6,16,1.58,20,0.6,0.000268,0.00319,130,
540,360,36,360,3.6,16,1.58,20,0.6,0.000268,0.0109,389,
541,360,36,360,3.6,16,1.58,20,0.6,0.000268,0.0144,518,
542,360,36,360,3.6,16,1.58,20,0.6,0.000268,0.0166,596,
543,360,36,360,3.6,16,1.58,20,0.6,0.000268,0.018,648,
544,360,36,360,3.6,16,1.58,20,0.6,0.000268,0.0252,907,
545,360,36,360,3.6,16,1.58,20,0.6,0.000268,0.0288,1040,
546,360,36,360,3.6,16,1.58,20,0.6,0.000268,0.0324,1170,
547,360,36,360,3.6,16,1.58,20,0.6,0.000268,0.0342,1230,
548,360,36,360,3.6,16,1.58,20,0.6,0.000268,0.0887,1270,
549,360,36,360,3.6,16,1.58,20,0.6,0.000268,0.0909,1300,
550,360,36,360,3.6,16,1.58,20,0.6,0.000268,0.206,2590,
551,360,36,360,3.6,16,1.58,20,0.6,0.000268,0.311,3890,
552,360,36,360,3.6,16,1.58,20,0.6,0.000268,0.513,6480,
553,360,36,360,3.6,16,1.58,20,0.6,0.000268,0.791,9070,
554,360,36,360,3.6,16,1.58,20,0.6,0.000268,0.815,9330,
555,360,36,360,3.6,16,1.58,20,0.6,0.000268,0.833,9530,
556,360,36,360,3.6,16,1.58,20,0.6,0.000268,0.842,9620,
557,360,36,360,3.6,16,1.58,20,0.6,0.000268,0.851,9720,
558,360,36,360,3.6,16,1.58,20,0.6,0.000268,0.87,9910,
559,360,36,360,3.6,16,1.58,20,0.6,0.000268,0.85,10400,
560,360,36,360,3.6,16,1.58,20,0.6,0.000268,0.888,10100,
561,360,36,360,3.6,16,1.58,20,0.6,0.000268,1.17,11700,
562,360,36,360,3.6,16,1.58,20,0.6,0.000268,1.31,13000,
563,360,36,360,3.6,16,1.58,20,0.6,0.000268,1.67,14500,
564,360,36,360,3.6,16,1.58,20,0.6,0.000268,1.89,14500,
565,360,36,360,3.6,16,1.09,20,0.6,0.000268,0.00325,130,
566,360,36,360,3.6,16,1.09,20,0.6,0.000268,0.0056,194,
567,360,36,360,3.6,16,1.09,20,0.6,0.000268,0.0111,389,
568,360,36,360,3.6,16,1.09,20,0.6,0.000268,0.0147,518,
569,360,36,360,3.6,16,1.09,20,0.6,0.000268,0.0165,583,
570,360,36,360,3.6,16,1.09,20,0.6,0.000268,0.0184,648,
571,360,36,360,3.6,16,1.09,20,0.6,0.000268,0.022,778,
572,360,36,360,3.6,16,1.09,20,0.6,0.000268,0.0257,907,
573,360,36,360,3.6,16,1.09,20,0.6,0.000268,0.0744,972,
574,360,36,360,3.6,16,1.09,20,0.6,0.000268,0.0812,1040,
575,360,36,360,3.6,16,1.09,20,0.6,0.000268,0.0893,1170,
576,360,36,360,3.6,16,1.09,20,0.6,0.000268,0.108,1300,
577,360,36,360,3.6,16,1.09,20,0.6,0.000268,0.22,2590,
578,360,36,360,3.6,16,1.09,20,0.6,0.000268,0.307,3890,
579,360,36,360,3.6,16,1.09,20,0.6,0.000268,0.579,6480,
580,360,36,360,3.6,16,1.09,20,0.6,0.000268,0.709,7780,
581,360,36,360,3.6,16,1.09,20,0.6,0.000268,0.718,8420,
582,360,36,360,3.6,16,1.09,20,0.6,0.000268,0.782,8530,
583,360,36,360,3.6,16,1.09,20,0.6,0.000268,0.79,8620,
584,360,36,360,3.6,16,1.09,20,0.6,0.000268,0.864,8810,
585,360,36,360,3.6,16,1.09,20,0.6,0.000268,0.833,9070,
586,360,36,360,3.6,16,1.09,20,0.6,0.000268,0.845,9200,
587,360,36,360,3.6,16,1.09,20,0.6,0.000268,0.858,9330,
588,360,36,360,3.6,16,1.09,20,0.6,0.000268,0.896,9720,
589,360,36,360,3.6,16,1.09,20,0.6,0.000268,0.959,10400,
590,360,36,360,3.6,16,1.09,20,0.6,0.000268,1.32,11700,
591,360,36,360,3.6,16,1.09,20,0.6,0.000268,1.4,12300,
592,360,36,360,3.6,16,1.09,20,0.6,0.000268,1.65,13000,
593,360,36,360,3.6,16,1.09,20,0.6,0.000268,1.85,14300,
594,240,25,360,3.6,15,1.36,18,0.6,0.000268,0.00941,86.4,
595,240,25,360,3.6,15,1.36,18,0.6,0.000268,0.0187,173,
596,240,25,360,3.6,15,1.36,18,0.6,0.000268,0.0233,216,
597,240,25,360,3.6,15,1.36,18,0.6,0.000268,0.028,259,
598,240,25,360,3.6,15,1.36,18,0.6,0.000268,0.0373,346,
599,240,25,360,3.6,15,1.36,18,0.6,0.000268,0.0466,432,
600,240,25,360,3.6,15,1.36,18,0.6,0.000268,0.0475,441,
601,240,25,360,3.6,15,1.36,18,0.6,0.000268,0.0485,449,
602,240,25,360,3.6,15,1.36,18,0.6,0.000268,0.114,458,
603,240,25,360,3.6,15,1.36,18,0.6,0.000268,0.119,475,
604,240,25,360,3.6,15,1.36,18,0.6,0.000268,0.131,518,
605,240,25,360,3.6,15,1.36,18,0.6,0.000268,0.156,605,
606,240,25,360,3.6,15,1.36,18,0.6,0.000268,0.245,691,
607,240,25,360,3.6,15,1.36,18,0.6,0.000268,0.27,778,
608,240,25,360,3.6,15,1.36,18,0.6,0.000268,0.307,864,
609,240,25,360,3.6,15,1.36,18,0.6,0.000268,0.588,1730,
610,240,25,360,3.6,15,1.36,18,0.6,0.000268,0.916,2590,
611,240,25,360,3.6,15,1.36,18,0.6,0.000268,1.03,2760,
612,240,25,360,3.6,15,1.36,18,0.6,0.000268,1.06,2850,
613,240,25,360,3.6,15,1.36,18,0.6,0.000268,1.07,2870,
614,240,25,360,3.6,15,1.36,18,0.6,0.000268,1.08,2890,
615,240,25,360,3.6,15,1.36,18,0.6,0.000268,1.1,2940,
616,240,25,360,3.6,15,1.36,18,0.6,0.000268,1.13,3020,
617,240,25,360,3.6,15,1.36,18,0.6,0.000268,1.5,3460,
618,240,25,360,3.6,15,1.36,18,0.6,0.000268,1.58,3630,
619,240,25,360,3.6,15,1.36,18,0.6,0.000268,2.19,3720,
620,240,25,360,3.6,15,1.36,18,0.6,0.000268,2.32,3800,
621,240,25,360,3.6,15,1.36,18,0.6,0.000268,2.38,3890,
622,240,25,360,3.6,15,1.36,18,0.6,0.000268,2.99,3890,
623,240,25,360,3.6,15,0.95,18,0.6,0.000268,0.0106,86.4,
624,240,25,360,3.6,15,0.95,18,0.6,0.000268,0.019,173,
625,240,25,360,3.6,15,0.95,18,0.6,0.000268,0.0237,216,
626,240,25,360,3.6,15,0.95,18,0.6,0.000268,0.0285,259,
627,240,25,360,3.6,15,0.95,18,0.6,0.000268,0.0332,302,
628,240,25,360,3.6,15,0.95,18,0.6,0.000268,0.0341,311,
629,240,25,360,3.6,15,0.95,18,0.6,0.000268,0.0351,320,
630,240,25,360,3.6,15,0.95,18,0.6,0.000268,0.107,328,
631,240,25,360,3.6,15,0.95,18,0.6,0.000268,0.11,346,
632,240,25,360,3.6,15,0.95,18,0.6,0.000268,0.16,518,
633,240,25,360,3.6,15,0.95,18,0.6,0.000268,0.243,605,
634,240,25,360,3.6,15,0.95,18,0.6,0.000268,0.26,691,
635,240,25,360,3.6,15,0.95,18,0.6,0.000268,0.314,778,
636,240,25,360,3.6,15,0.95,18,0.6,0.000268,0.341,864,
637,240,25,360,3.6,15,0.95,18,0.6,0.000268,0.719,1730,
638,240,25,360,3.6,15,0.95,18,0.6,0.000268,0.829,2160,
639,240,25,360,3.6,15,0.95,18,0.6,0.000268,0.937,2420,
640,240,25,360,3.6,15,0.95,18,0.6,0.000268,0.973,2510,
641,240,25,360,3.6,15,0.95,18,0.6,0.000268,0.992,2550,
642,240,25,360,3.6,15,0.95,18,0.6,0.000268,1.01,2590,
643,240,25,360,3.6,15,0.95,18,0.6,0.000268,1.32,3020,
644,240,25,360,3.6,15,0.95,18,0.6,0.000268,1.44,3280,
645,240,25,360,3.6,15,0.95,18,0.6,0.000268,1.48,3370,
646,240,25,360,3.6,15,0.95,18,0.6,0.000268,1.5,3410,
647,240,25,360,3.6,15,0.95,18,0.6,0.000268,2.02,3460,
648,240,25,360,3.6,15,0.95,18,0.6,0.000268,2.2,3630,
649,240,25,360,3.6,15,0.95,18,0.6,0.000268,2.42,3720,
650,240,25,360,3.6,15,0.95,18,0.6,0.000268,2.65,3800,
651,240,25,360,3.6,15,0.95,18,0.6,0.000268,2.72,3890,
652,240,25,360,3.6,15,0.95,18,0.6,0.000268,2.83,3890,
653,360,36,360,3.6,16,1.46,20,0.6,0.000268,0.00268,130,
654,360,36,360,3.6,16,1.46,20,0.6,0.000268,0.0109,389,
655,360,36,360,3.6,16,1.46,20,0.6,0.000268,0.0145,518,
656,360,36,360,3.6,16,1.46,20,0.6,0.000268,0.0181,648,
657,360,36,360,3.6,16,1.46,20,0.6,0.000268,0.0289,1040,
658,360,36,360,3.6,16,1.46,20,0.6,0.000268,0.0307,1100,
659,360,36,360,3.6,16,1.46,20,0.6,0.000268,0.0856,1170,
660,360,36,360,3.6,16,1.46,20,0.6,0.000268,0.0922,1300,
661,360,36,360,3.6,16,1.46,20,0.6,0.000268,0.21,2590,
662,360,36,360,3.6,16,1.46,20,0.6,0.000268,0.337,3890,
663,360,36,360,3.6,16,1.46,20,0.6,0.000268,0.519,6480,
664,360,36,360,3.6,16,1.46,20,0.6,0.000268,0.68,7780,
665,360,36,360,3.6,16,1.46,20,0.6,0.000268,0.801,9070,
666,360,36,360,3.6,16,1.46,20,0.6,0.000268,0.704,9200,
667,360,36,360,3.6,16,1.46,20,0.6,0.000268,0.77,9330,
668,360,36,360,3.6,16,1.46,20,0.6,0.000268,0.804,9720,
669,360,36,360,3.6,16,1.46,20,0.6,0.000268,0.923,10400,
670,360,36,360,3.6,16,1.46,20,0.6,0.000268,1.12,11700,
671,360,36,360,3.6,16,1.46,20,0.6,0.000268,1.14,11900,
672,360,36,360,3.6,16,1.46,20,0.6,0.000268,1.49,12300,
673,360,36,360,3.6,16,1.46,20,0.6,0.000268,1.57,13000,
674,360,36,360,3.6,16,1.46,20,0.6,0.000268,1.75,14300,
675,360,36,360,3.6,16,1.46,20,0.6,0.000268,1.83,14300,
676,420,35,420,3.6,26,1.47,21,0.6,0.000268,0.00684,176,
677,420,35,420,3.6,26,1.47,21,0.6,0.000268,0.0223,529,
678,420,35,420,3.6,26,1.47,21,0.6,0.000268,0.026,617,
679,420,35,420,3.6,26,1.47,21,0.6,0.000268,0.0297,706,
680,420,35,420,3.6,26,1.47,21,0.6,0.000268,0.0444,1060,
681,420,35,420,3.6,26,1.47,21,0.6,0.000268,0.0518,1230,
682,420,35,420,3.6,26,1.47,21,0.6,0.000268,0.0541,1290,
683,420,35,420,3.6,26,1.47,21,0.6,0.000268,0.114,1320,
684,420,35,420,3.6,26,1.47,21,0.6,0.000268,0.123,1410,
685,420,35,420,3.6,26,1.47,21,0.6,0.000268,0.159,1760,
686,420,35,420,3.6,26,1.47,21,0.6,0.000268,0.534,5290,
687,420,35,420,3.6,26,1.47,21,0.6,0.000268,0.835,7940,
688,420,35,420,3.6,26,1.47,21,0.6,0.000268,0.894,8470,
689,420,35,420,3.6,26,1.47,21,0.6,0.000268,0.933,8820,
690,420,35,420,3.6,26,1.47,21,0.6,0.000268,1.08,9170,
691,420,35,420,3.6,26,1.47,21,0.6,0.000268,1.15,9700,
692,420,35,420,3.6,26,1.47,21,0.6,0.000268,1.6,10600,
693,420,35,420,3.6,26,1.47,21,0.6,0.000268,1.68,11100,
694,420,35,420,3.6,26,1.47,21,0.6,0.000268,1.79,11300,
695,420,35,420,3.6,26,1.47,21,0.6,0.000268,2.63,11500,
696,420,35,420,3.6,26,1.47,21,0.6,0.000268,2.79,12300,
697,420,35,420,3.6,26,1.47,21,0.6,0.000268,2.89,12300,
699,200,26,300,3.6,13,1.23,15,0.6,0.000268,0.00501,60,
700,200,26,300,3.6,13,1.23,15,0.6,0.000268,0.0085,120,
701,200,26,300,3.6,13,1.23,15,0.6,0.000268,0.0147,180,
702,200,26,300,3.6,13,1.23,15,0.6,0.000268,0.0196,240,
703,200,26,300,3.6,13,1.23,15,0.6,0.000268,0.0245,300,
704,200,26,300,3.6,13,1.23,15,0.6,0.000268,0.116,600,
705,200,26,300,3.6,13,1.23,15,0.6,0.000268,0.116,600,
706,200,26,300,3.6,13,1.23,15,0.6,0.000268,0.303,1200,
707,200,26,300,3.6,13,1.23,15,0.6,0.000268,0.42,1800,
708,200,26,300,3.6,13,1.23,15,0.6,0.000268,0.732,3000,
709,200,26,300,3.6,13,1.23,15,0.6,0.000268,0.748,3060,
710,200,26,300,3.6,13,1.23,15,0.6,0.000268,0.763,3120,
711,200,26,300,3.6,13,1.23,15,0.6,0.000268,0.827,3150,
712,200,26,300,3.6,13,1.23,15,0.6,0.000268,0.829,3160,
713,200,26,300,3.6,13,1.23,15,0.6,0.000268,0.832,3170,
714,200,26,300,3.6,13,1.23,15,0.6,0.000268,0.835,3180,
715,200,26,300,3.6,13,1.23,15,0.6,0.000268,0.868,3300,
716,200,26,300,3.6,13,1.23,15,0.6,0.000268,1.02,3600,
717,200,26,300,3.6,13,1.23,15,0.6,0.000268,1.28,4200,
718,200,26,300,3.6,13,1.23,15,0.6,0.000268,1.38,4500,
719,200,26,300,3.6,13,1.23,15,0.6,0.000268,1.84,4590,
720,200,26,300,3.6,13,1.23,15,0.6,0.000268,1.88,4680,
721,200,26,300,3.6,13,1.23,15,0.6,0.000268,2.03,4800,
722,240,25,360,3.6,15,1.23,18,0.6,0.000268,0.00947,86.4,
723,240,25,360,3.6,15,1.23,18,0.6,0.000268,0.0188,173,
724,240,25,360,3.6,15,1.23,18,0.6,0.000268,0.0235,216,
725,240,25,360,3.6,15,1.23,18,0.6,0.000268,0.0281,259,
726,240,25,360,3.6,15,1.23,18,0.6,0.000268,0.0469,432,
727,240,25,360,3.6,15,1.23,18,0.6,0.000268,0.113,449,
728,240,25,360,3.6,15,1.23,18,0.6,0.000268,0.12,475,
729,240,25,360,3.6,15,1.23,18,0.6,0.000268,0.132,518,
730,240,25,360,3.6,15,1.23,18,0.6,0.000268,0.158,605,
731,240,25,360,3.6,15,1.23,18,0.6,0.000268,0.184,691,
732,240,25,360,3.6,15,1.23,18,0.6,0.000268,0.226,864,
733,240,25,360,3.6,15,1.23,18,0.6,0.000268,0.533,1730,
734,240,25,360,3.6,15,1.23,18,0.6,0.000268,0.682,2160,
735,240,25,360,3.6,15,1.23,18,0.6,0.000268,0.881,2590,
736,240,25,360,3.6,15,1.23,18,0.6,0.000268,0.912,2680,
737,240,25,360,3.6,15,1.23,18,0.6,0.000268,0.943,2760,
738,240,25,360,3.6,15,1.23,18,0.6,0.000268,1.15,3020,
739,240,25,360,3.6,15,1.23,18,0.6,0.000268,1.52,3460,
740,240,25,360,3.6,15,1.23,18,0.6,0.000268,2.19,3540,
741,240,25,360,3.6,15,1.23,18,0.6,0.000268,2.4,3630,
742,240,25,360,3.6,15,1.23,18,0.6,0.000268,2.6,3890,
743,240,25,360,3.6,15,1.23,18,0.6,0.000268,2.66,3970,
744,240,25,360,3.6,15,1.23,18,0.6,0.000268,3.04,3970,
745,280,23,420,3.6,18,1.16,21,0.6,0.000268,0.0197,118,
746,280,23,420,3.6,18,1.16,21,0.6,0.000268,0.0552,176,
747,280,23,420,3.6,18,1.16,21,0.6,0.000268,0.0736,235,
748,280,23,420,3.6,18,1.16,21,0.6,0.000268,0.176,353,
749,280,23,420,3.6,18,1.16,21,0.6,0.000268,0.347,588,
750,280,23,420,3.6,18,1.16,21,0.6,0.000268,0.485,823,
751,280,23,420,3.6,18,1.16,21,0.6,0.000268,0.803,1180,
752,280,23,420,3.6,18,1.16,21,0.6,0.000268,1.02,1760,
753,280,23,420,3.6,18,1.16,21,0.6,0.000268,1.22,1880,
754,280,23,420,3.6,18,1.16,21,0.6,0.000268,1.26,2000,
755,280,23,420,3.6,18,1.16,21,0.6,0.000268,1.25,2060,
756,280,23,420,3.6,18,1.16,21,0.6,0.000268,1.27,2080,
757,280,23,420,3.6,18,1.16,21,0.6,0.000268,1.34,2120,
758,280,23,420,3.6,18,1.16,21,0.6,0.000268,1.55,2350,
759,280,23,420,3.6,18,1.16,21,0.6,0.000268,2.19,2590,
760,280,23,420,3.6,18,1.16,21,0.6,0.000268,2.35,2760,
761,280,23,420,3.6,18,1.16,21,0.6,0.000268,3.44,2850,
762,280,23,420,3.6,18,1.16,21,0.6,0.000268,3.4,2940,
763,280,23,420,3.6,18,1.16,21,0.6,0.000268,4.09,2940,
768,168,20,320,3.6,11,1.08,16,0.6,0.000268,0.0105,53.8,
769,168,20,320,3.6,11,1.08,16,0.6,0.000268,0.0157,80.6,
770,168,20,320,3.6,11,1.08,16,0.6,0.000268,0.0188,96.8,
771,168,20,320,3.6,11,1.08,16,0.6,0.000268,0.0209,108,
772,168,20,320,3.6,11,1.08,16,0.6,0.000268,0.0313,161,
773,168,20,320,3.6,11,1.08,16,0.6,0.000268,0.146,269,
774,168,20,320,3.6,11,1.08,16,0.6,0.000268,0.127,215,
775,168,20,320,3.6,11,1.08,16,0.6,0.000268,0.329,430,
776,168,20,320,3.6,11,1.08,16,0.6,0.000268,0.38,538,
777,168,20,320,3.6,11,1.08,16,0.6,0.000268,0.732,1080,
778,168,20,320,3.6,11,1.08,16,0.6,0.000268,0.851,1240,
779,168,20,320,3.6,11,1.08,16,0.6,0.000268,0.89,1290,
780,168,20,320,3.6,11,1.08,16,0.6,0.000268,0.929,1340,
781,168,20,320,3.6,11,1.08,16,0.6,0.000268,0.945,1370,
782,168,20,320,3.6,11,1.08,16,0.6,0.000268,1.09,1390,
783,168,20,320,3.6,11,1.08,16,0.6,0.000268,1.12,1420,
784,168,20,320,3.6,11,1.08,16,0.6,0.000268,1.19,1510,
785,168,20,320,3.6,11,1.08,16,0.6,0.000268,1.28,1610,
786,168,20,320,3.6,11,1.08,16,0.6,0.000268,3.09,1670,
787,168,20,320,3.6,11,1.08,16,0.6,0.000268,3.24,1720,
791,200,20,360,3.6,13,1.08,18,0.6,0.000268,0.0338,72,
792,200,20,360,3.6,13,1.08,18,0.6,0.000268,0.0507,108,
793,200,20,360,3.6,13,1.08,18,0.6,0.000268,0.0595,144,
794,200,20,360,3.6,13,1.08,18,0.6,0.000268,0.0744,180,
795,200,20,360,3.6,13,1.08,18,0.6,0.000268,0.0833,202,
796,200,20,360,3.6,13,1.08,18,0.6,0.000268,0.139,209,
797,200,20,360,3.6,13,1.08,18,0.6,0.000268,0.145,216,
798,200,20,360,3.6,13,1.08,18,0.6,0.000268,0.185,288,
799,200,20,360,3.6,13,1.08,18,0.6,0.000268,0.324,360,
800,200,20,360,3.6,13,1.08,18,0.6,0.000268,0.367,432,
801,200,20,360,3.6,13,1.08,18,0.6,0.000268,0.444,504,
802,200,20,360,3.6,13,1.08,18,0.6,0.000268,0.47,576,
803,200,20,360,3.6,13,1.08,18,0.6,0.000268,0.543,720,
804,200,20,360,3.6,13,1.08,18,0.6,0.000268,0.859,1080,
805,200,20,360,3.6,13,1.08,18,0.6,0.000268,0.873,1220,
806,200,20,360,3.6,13,1.08,18,0.6,0.000268,0.901,1260,
807,200,20,360,3.6,13,1.08,18,0.6,0.000268,0.917,1280,
808,200,20,360,3.6,13,1.08,18,0.6,0.000268,0.923,1290,
809,200,20,360,3.6,13,1.08,18,0.6,0.000268,0.926,1290,
810,200,20,360,3.6,13,1.08,18,0.6,0.000268,0.929,1300,
811,200,20,360,3.6,13,1.08,18,0.6,0.000268,1.35,1370,
812,200,20,360,3.6,13,1.08,18,0.6,0.000268,1.3,1440,
813,200,20,360,3.6,13,1.08,18,0.6,0.000268,1.87,1580,
814,200,20,360,3.6,13,1.08,18,0.6,0.000268,3.67,1690,
815,230,20,420,3.6,15,1.08,21,0.6,0.000268,0.0551,96.6,
816,230,20,420,3.6,15,1.08,21,0.6,0.000268,0.0662,116,
817,230,20,420,3.6,15,1.08,21,0.6,0.000268,0.0828,145,
818,230,20,420,3.6,15,1.08,21,0.6,0.000268,0.11,193,
819,230,20,420,3.6,15,1.08,21,0.6,0.000268,0.198,222,
820,230,20,420,3.6,15,1.08,21,0.6,0.000268,0.202,242,
821,230,20,420,3.6,15,1.08,21,0.6,0.000268,0.231,270,
822,230,20,420,3.6,15,1.08,21,0.6,0.000268,0.241,280,
823,230,20,420,3.6,15,1.08,21,0.6,0.000268,0.355,290,
824,230,20,420,3.6,15,1.08,21,0.6,0.000268,0.413,386,
825,230,20,420,3.6,15,1.08,21,0.6,0.000268,0.498,483,
826,230,20,420,3.6,15,1.08,21,0.6,0.000268,0.927,773,
827,230,20,420,3.6,15,1.08,21,0.6,0.000268,1.19,966,
828,230,20,420,3.6,15,1.08,21,0.6,0.000268,1.22,1060,
829,230,20,420,3.6,15,1.08,21,0.6,0.000268,1.34,1160,
830,230,20,420,3.6,15,1.08,21,0.6,0.000268,1.47,1170,
831,230,20,420,3.6,15,1.08,21,0.6,0.000268,1.38,1190,
832,230,20,420,3.6,15,1.08,21,0.6,0.000268,1.4,1210,
833,230,20,420,3.6,15,1.08,21,0.6,0.000268,1.58,1260,
834,230,20,420,3.6,15,1.08,21,0.6,0.000268,1.84,1450,
835,230,20,420,3.6,15,1.08,21,0.6,0.000268,2.26,1550,
836,230,20,420,3.6,15,1.08,21,0.6,0.000268,4.95,1590,
